{
  "providers": [
    {
      "type": "bitmap",
      "file": "custom/builder.png",
      "ascent": 8,
      "height": 9,
      "chars": ["⚒"]
    },
    {
      "type": "bitmap", 
      "file": "custom/plouc.png",
      "ascent": 8,
      "height": 9,
      "chars": ["⛏"]
    },
    {
      "type": "bitmap", 
      "file": "custom/lurriel.png",
      "ascent": 8,
      "height": 9,
      "chars": ["🛃"]
    },
    {
      "type": "bitmap",
      "file": "custom/admin.png", 
      "ascent": 8,
      "height": 9,
      "chars": ["♔"]
    }
  ]
}