{
  "type": "tolerance:creatif",
  "generator": {
    "type": "minecraft:flat",
    "settings": {
      "biome": "minecraft:flat",
      "layers": [
        { "block": "minecraft:bedrock", "height": 1 },
        { "block": "minecraft:stone", "height": 128 },
        { "block": "minecraft:dirt", "height": 5 },
        { "block": "minecraft:grass_block", "height": 1 }
      ],
      "structure_overrides": [],
      "features": []
    }
  },
  "spawn_overrides": {
    "creature": [],
    "monster": [],
    "ambient": [],
    "water_creature": [],
    "water_ambient": [],
    "misc": []
  }
}